<?xml version="1.0" encoding="UTF-8"?>
<project-private xmlns="http://www.netbeans.org/ns/project-private/1">
    <editor-bookmarks xmlns="http://www.netbeans.org/ns/editor-bookmarks/2" lastBookmarkId="0"/>
    <open-files xmlns="http://www.netbeans.org/ns/projectui-open-files/2">
        <group>
            <file>file:/Users/kduran/Desktop/caso1Diseno/API/src/api/redSocial/Mensaje.java</file>
            <file>file:/Users/kduran/Desktop/caso1Diseno/API/src/api/API.java</file>
            <file>file:/Users/kduran/Desktop/caso1Diseno/API/src/api/redSocial/Administridor.java</file>
            <file>file:/Users/kduran/Desktop/caso1Diseno/API/src/api/redSocial/Fan.java</file>
            <file>file:/Users/kduran/Desktop/caso1Diseno/API/src/api/redSocial/ControllerFan.java</file>
            <file>file:/Users/kduran/Desktop/caso1Diseno/API/src/api/redSocial/IObserver.java</file>
            <file>file:/Users/kduran/Desktop/caso1Diseno/API/src/api/redSocial/Celebridad.java</file>
            <file>file:/Users/kduran/Desktop/caso1Diseno/API/src/api/redSocial/redSocialFan.java</file>
            <file>file:/Users/kduran/Desktop/caso1Diseno/API/src/api/redSocial/redSocialSeguidor.java</file>
            <file>file:/Users/kduran/Desktop/caso1Diseno/API/src/api/redSocial/IObservable.java</file>
        </group>
    </open-files>
</project-private>
